{
  "project_info": {
    "project_number": "185186837073",
    "firebase_url": "https://pushv2-5a79b.firebaseio.com",
    "project_id": "pushv2-5a79b",
    "storage_bucket": "pushv2-5a79b.appspot.com"
  },
  "client": [
    {
      "client_info": {
        "mobilesdk_app_id": "1:185186837073:android:6fd8868894e92239",
        "android_client_info": {
          "package_name": "net.simplifiedcoding.firebasecloudmessaging"
        }
      },
      "oauth_client": [
        {
          "client_id": "185186837073-c1jkk7psv1umvcm2j69notrgc091vdsm.apps.googleusercontent.com",
          "client_type": 1,
          "android_info": {
            "package_name": "net.simplifiedcoding.firebasecloudmessaging",
            "certificate_hash": "f1b86ea5d6fdb45e2606301f25b5378c36c7f975"
          }
        },
        {
          "client_id": "185186837073-lh6gh2vjk7fjfj2jf3gb64l0uuo8v920.apps.googleusercontent.com",
          "client_type": 3
        }
      ],
      "api_key": [
        {
          "current_key": "AIzaSyAAZhgQEZO3bEgXpjDllkX73naS0okmIzU"
        }
      ],
      "services": {
        "analytics_service": {
          "status": 1
        },
        "appinvite_service": {
          "status": 2,
          "other_platform_oauth_client": [
            {
              "client_id": "185186837073-lh6gh2vjk7fjfj2jf3gb64l0uuo8v920.apps.googleusercontent.com",
              "client_type": 3
            }
          ]
        },
        "ads_service": {
          "status": 2
        }
      }
    }
  ],
  "configuration_version": "1"
}